id,employeeEmail,employeeName,role,gender,password
JMD1,qbaldwin@example.com,Rebecca Peterson,Solutions Consultant,Male,$9W(M0ZEXk
JMD2,dawn21@example.org,Bradley Moore,Software Engineer,Male,###VF5VwQ9
JMD3,mhouse@example.com,Sarah Harris,Solutions Consultant,Male,Nrb6OZivj@
JMD4,fhiggins@example.org,Nicholas Hickman,Senior Software Engineer,Male,*hO)7NSsZ&
JMD5,davidsoto@example.net,Jose Vasquez,Solution Enabler,Male,EXBfE5TA)1
JMD6,cantusamuel@example.net,Kimberly Jennings,Software Engineer,Male,^w9@GK+m*5
JMD7,xgarcia@example.com,Adam Pope,Senior Software Engineer,Female,@WBk^vb@e5
JMD8,wharris@example.net,Susan Dawson,Senior Software Engineer,Female,%#2MRJAPme
JMD9,perkinswilliam@example.net,Jaime Reynolds,Solution Enabler,Female,*pNvL$lb0+
JMD10,jakegreen@example.net,Christine Bernard,Solution Enabler,Female,2%7LQ*(3Jr
JMD11,javierjordan@example.net,Sheila Gomez,Solution Enabler,Female,j2!2UozV%_
JMD12,lbaker@example.com,Kyle Caldwell,Senior Software Engineer,Male,XF8NubyjN+
JMD13,randyblair@example.org,James Gomez,Solutions Consultant,Male,!!od2SGill
JMD14,erikachristensen@example.net,Daisy Walter,Solution Enabler,Male,g1#4AGz^!t
JMD15,reginamccullough@example.org,Jeffrey Jones,Solutions Consultant,Male,_KtY9sb290
JMD16,mcdonaldcraig@example.net,Stephanie Cooper,Senior Software Engineer,Female,x9vs6A%@#g
JMD17,natalieandrade@example.org,Jesse Wall,Senior Software Engineer,Male,T6$4$EtYKu
JMD18,oconnorshelley@example.org,Mr. Richard Shah MD,Solutions Consultant,Male,*1EF(0An_&
JMD19,michelle00@example.com,Jacob Robinson,Solution Enabler,Female,N@9VoZnh*F
JMD20,ddavis@example.com,Jennifer Baker,Solution Enabler,Female,&x2BkKaQWa
JMD21,johnlin@example.org,Randall Watson,Software Engineer,Female,v03GBN3v(X
JMD22,gregorymcgrath@example.org,Sean Schmitt,Solution Enabler,Male,#3YZKfl+wg
JMD23,robert41@example.com,Jordan Ellis,Solutions Consultant,Female,$9q2T0Mm5^
JMD24,gregorywright@example.com,Jake Duarte,Software Engineer,Male,@j^kZ1RcS^
JMD25,jillscott@example.com,Mark Anderson,Solution Enabler,Female,0DF0gx0aD#
JMD26,eadams@example.net,Samuel Crawford,Solutions Consultant,Female,9ji8BD!bC@
JMD27,sthompson@example.net,Justin Parrish,Senior Software Engineer,Female,@wMzmA0uS3
JMD28,alopez@example.net,Glenn Warren,Solution Enabler,Female,3a5W!i0k2@
JMD29,rickey58@example.net,Jaclyn Serrano,Software Engineer,Male,M%*9S9ObW%
JMD30,riverajean@example.com,Cody Mitchell,Software Engineer,Female,Af(2LtOqL%
JMD31,wallaceanna@example.net,Jerome Hall,Senior Software Engineer,Female,e2HGgwN3*n
JMD32,jonathanstephens@example.net,Cynthia Kirby,Software Engineer,Male,k#PL!5Mn%s
JMD33,achambers@example.net,Isabella Thompson,Solution Enabler,Female,!Cfs3+Tp%e
JMD34,henry85@example.net,Kristina White,Solutions Consultant,Female,BO3FgkAi+V
JMD35,hopkinsalejandro@example.org,James Carpenter,Solutions Consultant,Male,50w4Wp&r!^
JMD36,michele29@example.com,Andrew Gray,Solutions Consultant,Female,G8Og*_Nf&Q
JMD37,hperry@example.net,Jennifer Hernandez,Software Engineer,Male,u+4GMUvvJg
JMD38,bridgesmelissa@example.net,Ian Barnes,Solutions Consultant,Male,4kGs0SU_!g
JMD39,chaddavis@example.com,Cody Johnson,Senior Software Engineer,Female,%3Q9MCgaaa
JMD40,sarahwalker@example.net,Jason Marshall Jr.,Solutions Consultant,Male,$qJSoCU^n3
JMD41,hicksjulie@example.org,Mike Patel,Senior Software Engineer,Male,*Nyt5(RdY8
JMD42,elaine22@example.org,Erin Harris,Solutions Consultant,Female,(nNoPm3sV8
JMD43,jenkinscindy@example.com,James Wade,Solution Enabler,Female,)zCW6%Bn%Q
JMD44,waltondenise@example.com,Heather Hall,Software Engineer,Female,!3EGdv+n6M
JMD45,kpaul@example.org,Jennifer Larson,Software Engineer,Female,Oi^O4Rq!jq
JMD46,ysimon@example.net,Ronald Walker,Solution Enabler,Male,@9610XgxpO
JMD47,robinsonstephen@example.com,Linda Robinson,Senior Software Engineer,Female,@2%LBLw@RA
JMD48,valenzuelavalerie@example.com,Robert Sparks,Solutions Consultant,Female,m!R8nHmr1!
JMD49,denise08@example.net,Crystal Ferguson,Solution Enabler,Female,VwG4zRotA(
JMD50,browncassidy@example.com,Joshua Keller,Software Engineer,Male,CPlu8ZQo^3
JMD51,andersoncatherine@example.com,Tracy Ramos,Software Engineer,Male,%CTrsXFJj8
JMD52,robrien@example.net,Annette Wright,Solution Enabler,Female,y!5oMnBk6R
JMD53,aarroyo@example.net,Frank Harris,Software Engineer,Male,k01RC1%V+X
JMD54,jhicks@example.org,Adam Ramirez,Software Engineer,Female,(A$91NwhlX
JMD55,wmann@example.org,Matthew Nelson,Solution Enabler,Female,CiYiiykV#6
JMD56,jensennatasha@example.com,Kim Wilson,Software Engineer,Female,8KED&NqQ!h
JMD57,richard40@example.com,Nina Harris,Software Engineer,Female,hynm90UbW*
JMD58,urice@example.net,William Webb,Software Engineer,Male,$hG+0n)d46
JMD59,cmacdonald@example.net,Kevin Logan,Software Engineer,Male,#t*7RrK^YH
JMD60,justin74@example.com,Michelle Nguyen,Solution Enabler,Female,ftnJ5iOF#0
JMD61,karen07@example.net,Jeffrey Harris,Solutions Consultant,Male,K9xw&BnB)q
JMD62,ashleytaylor@example.net,Christopher Tate,Software Engineer,Male,)LUBrxgim9
JMD63,michelle66@example.com,Cory Thornton,Solution Enabler,Male,fu1$Clqp_v
JMD64,luke44@example.org,Kevin Strickland,Senior Software Engineer,Female,vI5&ErBd!*
JMD65,wanda12@example.net,Whitney Mercado,Senior Software Engineer,Female,3&8LCWwq$A
JMD66,michellelee@example.net,Michael Mitchell,Senior Software Engineer,Female,&922V1KpFF
JMD67,brittany67@example.org,Keith Douglas,Software Engineer,Male,P@08RRebA%
JMD68,pdixon@example.org,David Campos,Senior Software Engineer,Male,Vi1O9D!UE^
JMD69,pjuarez@example.net,Mark Greene,Solution Enabler,Male,&u3Y4seb+U
JMD70,mendezkristin@example.org,Sydney Miranda,Solutions Consultant,Female,9OorK(Sy)O
JMD71,diane84@example.net,Lorraine Figueroa,Software Engineer,Male,(jAYRpF!&3
JMD72,wclark@example.com,Jeffrey King,Senior Software Engineer,Male,n31FSd+Z#@
JMD73,zwalker@example.com,Lisa Cowan,Software Engineer,Male,I@CQ5lZG@i
JMD74,rweiss@example.org,Stephen Gonzales,Software Engineer,Male,c$0uilLnkG
JMD75,egrimes@example.org,Tracie Carter,Software Engineer,Female,&sKYErX)k4
JMD76,halericardo@example.com,Jessica Allen DVM,Senior Software Engineer,Male,KT*2rAExu&
JMD77,sjones@example.com,Jacob Davis,Senior Software Engineer,Female,KO3YkjTI^i
JMD78,butlerjoshua@example.com,Crystal Franklin,Solutions Consultant,Male,*Ep+Qb)Xp2
JMD79,rebecca39@example.org,Michael Oconnor,Solutions Consultant,Female,*^a4i1C@Qk
JMD80,joneskevin@example.com,Amber Mason,Senior Software Engineer,Male,G_^S0NZa^G
JMD81,grahamtodd@example.com,Jack Ingram,Software Engineer,Male,(!Mc5Faxto
JMD82,huntcarolyn@example.net,Brandi Ray,Senior Software Engineer,Male,+&3N6Yuny*
JMD83,johnsonkristen@example.net,Beth Smith,Solutions Consultant,Female,!5MEh1Zc3b
JMD84,uleblanc@example.net,Justin Reed,Solutions Consultant,Female,KX2IRT#b*P
JMD85,cherylhenry@example.org,Troy Martinez,Solution Enabler,Male,$iDiD*gqi9
JMD86,madisongoodman@example.com,Daisy Thompson,Senior Software Engineer,Male,*+e61KapvD
JMD87,taylorjulia@example.org,Scott Peters,Senior Software Engineer,Male,*$MkVe@b+6
JMD88,woodardluis@example.org,George Allen MD,Solutions Consultant,Female,ULxG@7LlOg
JMD89,madisonromero@example.net,Jessica Vasquez,Senior Software Engineer,Male,9+2EQMP4jx
JMD90,anthonywalls@example.net,Stephanie Kelley,Senior Software Engineer,Male,A!&0TM0jRV
JMD91,ihuffman@example.net,Shannon Smith,Solutions Consultant,Male,0B1fhF5o!+
JMD92,jason86@example.net,Rachel Hernandez,Software Engineer,Female,3)8rXj&(&o
JMD93,uwells@example.org,David Haney,Software Engineer,Male,28CttwYh!1
JMD94,qjones@example.net,Joseph Reyes,Software Engineer,Male,6$o1x%HoHs
JMD95,anthony55@example.net,Brett Molina,Software Engineer,Male,Wey54eKzQ#
JMD96,davisalbert@example.org,Amber Moore,Software Engineer,Male,%xU685Vf#w
JMD97,hernandezjermaine@example.org,Mark Mccarthy,Software Engineer,Female,z*82wBmw4A
JMD98,johnsonann@example.net,Michelle Arnold,Solutions Consultant,Male,)F)1CVu)OJ
JMD99,unoble@example.net,Jeremy Smith,Senior Software Engineer,Male,8qv0q_JuO_
JMD100,kmonroe@example.com,Preston Schmidt,Solutions Consultant,Male,&_WRIX1ii7
JMD101,allenchristian@example.net,Sherry Johnson,Solution Enabler,Female,B@b67BgYnb
JMD102,scottamy@example.org,Jonathan Burgess,Senior Software Engineer,Female,tbU003+__8
JMD103,woodjustin@example.org,Patricia Cooper,Solutions Consultant,Male,82MVCMci*u
JMD104,ydickson@example.org,Travis Wilson,Software Engineer,Male,_FM1$g5C5i
JMD105,faithwilliams@example.net,Patricia Lang,Solutions Consultant,Female,2PK7Yq3l(8
JMD106,smitherin@example.com,April Nixon,Software Engineer,Male,x+8VzrA4TL
JMD107,sotohayden@example.org,Stacy Smith,Solution Enabler,Male,W)G8WH_e8L
JMD108,flynnjustin@example.com,Nicole Miller,Solution Enabler,Female,^1OH(gXLNp
JMD109,juliemclean@example.org,David Torres,Solutions Consultant,Male,R(KjCJx@*9
JMD110,mooreanthony@example.net,Aaron Jones,Software Engineer,Female,$iJ89+YxcB
JMD111,donna00@example.org,Hailey Nelson,Solutions Consultant,Female,)Fj1OJtb^S
JMD112,amber19@example.com,Travis Rodriguez,Software Engineer,Male,)oM^8GTsyi
JMD113,wendylang@example.net,Amy Robinson,Senior Software Engineer,Male,(8FrwX6(Mi
JMD114,cole53@example.org,Christina Watts,Solution Enabler,Female,M1m&y2VcWa
JMD115,uchase@example.net,Miguel Caldwell,Software Engineer,Female,i2CSsDxa@H
JMD116,brittney19@example.org,Dawn Cummings,Senior Software Engineer,Female,UUMqcFx0o%
JMD117,tpacheco@example.org,Charles Hopkins,Solution Enabler,Male,%8!%MORhHs
JMD118,schultzcynthia@example.org,Vanessa Padilla,Senior Software Engineer,Female,tw4GDm4@w@
JMD119,guzmancindy@example.net,Sean Ruiz,Software Engineer,Female,%8AL*Dby)0
JMD120,williambowman@example.com,Abigail Jennings,Senior Software Engineer,Male,%t6TXFc6j%
JMD121,ttucker@example.com,Susan George,Senior Software Engineer,Male,0*R15Jcuh*
JMD122,leonkaren@example.org,Patricia Atkins,Senior Software Engineer,Male,wa8ksPDz%C
JMD123,jasoncohen@example.net,Nicholas Armstrong,Solutions Consultant,Male,#7%fU7Dk00
JMD124,williamsbryan@example.org,Scott Bailey,Solutions Consultant,Male,u*0_3AjYXf
JMD125,patricia74@example.net,Danielle Ferguson,Solution Enabler,Female,Ji0SIjvuu(
JMD126,rebeccalucas@example.net,Brooke Welch,Solutions Consultant,Male,Y^8XNOM2Ka
JMD127,haroldwilson@example.com,Raymond Ramos,Solutions Consultant,Female,_SUGQ*Zt)4
JMD128,lisa27@example.org,Christina Smith,Software Engineer,Male,)$+S8Yw%A5
JMD129,pattondavid@example.com,Jennifer Chavez,Software Engineer,Female,%C(3hHxT+a
JMD130,kelli25@example.com,Karen Lopez,Solutions Consultant,Male,SM3RISzo_0
JMD131,wstewart@example.com,Madison Maldonado,Senior Software Engineer,Male,+OA3TG%fkp
JMD132,harmonkatie@example.net,Sonya Gonzalez,Solution Enabler,Male,(gT2%Voqu!
JMD133,pwilliamson@example.net,Andre Santos,Senior Software Engineer,Male,(waEJWXqV1
JMD134,tyler42@example.com,Vicki Mora,Senior Software Engineer,Male,fu6XIazQD^
JMD135,michelle42@example.net,Anna Wilkinson,Solutions Consultant,Male,7c7DuLHpx(
JMD136,jamesjones@example.org,Christopher Lee,Senior Software Engineer,Male,@6qS9$WdqI
JMD137,arnoldheather@example.org,Anthony Willis,Software Engineer,Female,t2X2fxhE*2
JMD138,russellwilliam@example.com,Sara Graham,Senior Software Engineer,Female,P$7U%SUl_c
JMD139,tdavis@example.net,Tiffany Robinson,Solutions Consultant,Female,(W9)SB4o)r
JMD140,zacharywright@example.org,Richard Webb,Software Engineer,Male,6%FVSxkp)@
JMD141,davidalvarez@example.org,Anthony Jacobs,Solutions Consultant,Female,_(5H1iCA!%
JMD142,uthompson@example.net,Jennifer Decker,Senior Software Engineer,Female,&0Nnjhuv5)
JMD143,angelaparsons@example.com,Donna Young,Solution Enabler,Male,Hp@9II2dQE
JMD144,patelsandra@example.org,John Haley,Solution Enabler,Female,*9KIPuO&pJ
JMD145,david43@example.com,Patricia Morales,Software Engineer,Female,$fr^SCmS5X
JMD146,josemendoza@example.net,Kimberly Sanchez,Solutions Consultant,Female,h07UQz&0(K
JMD147,rachel30@example.com,Randy Wright,Senior Software Engineer,Male,gH^NcPmf+8
JMD148,xjohnson@example.com,Mason Adkins,Solutions Consultant,Female,iDjyHhWd)0
JMD149,brownjennifer@example.org,Catherine Small,Senior Software Engineer,Female,W*H6UZg5^O
JMD150,ldavis@example.com,Daniel Wilson PhD,Software Engineer,Female,A6oATnHd(C
JMD151,jimmyhernandez@example.org,Eric Garcia,Senior Software Engineer,Female,gJEQ9aXz%3
JMD152,austinjeffrey@example.com,Sandra Moreno,Software Engineer,Female,G5UI%C!f(n
JMD153,shirleygriffith@example.org,Charles Pennington,Software Engineer,Male,Zb4ITdky*i
JMD154,juliebrown@example.net,Andrew Glass,Solution Enabler,Male,@7LedyOk7U
JMD155,silvajohn@example.com,Sharon Schneider,Solution Enabler,Male,rd8Hh9cJ!4
JMD156,andrea13@example.net,Jamie Howard,Senior Software Engineer,Male,8i&Ov4If9g
JMD157,tyrone63@example.net,Kristen Kramer,Solutions Consultant,Female,NANJ$Fty@5
JMD158,douglasgreen@example.org,Joseph Grimes,Software Engineer,Male,&D@9L&Kwg+
JMD159,sarah32@example.com,Ashley Padilla,Software Engineer,Female,&XIP+q0xF5
JMD160,randygreen@example.net,Tina Jones,Senior Software Engineer,Male,QQ6rxVz%f_
JMD161,thomastaylor@example.com,Jordan Rice,Solutions Consultant,Female,tc+B8ZVc3N
JMD162,joanne28@example.net,Kara Berg,Senior Software Engineer,Female,S%3e_Pwzul
JMD163,rhonda07@example.net,Jillian Wilson,Software Engineer,Male,!iLh9YXkc(
JMD164,coopertyrone@example.org,John Turner,Solution Enabler,Female,Y$1mnUJbp8
JMD165,ediaz@example.net,Caroline Carroll,Solution Enabler,Female,mt(%7N8uWP
JMD166,kathrynwhite@example.net,Dylan Nelson,Solutions Consultant,Male,U5kuHr%G+O
JMD167,qperry@example.com,Martin Choi,Senior Software Engineer,Female,_l)32V6w#j
JMD168,laurawashington@example.com,Matthew Roman,Software Engineer,Female,)7HQBmNy2O
JMD169,summerestrada@example.org,Stephanie Martinez,Senior Software Engineer,Male,UR8Fu1eV!k
JMD170,sthomas@example.com,Kimberly Watson,Solution Enabler,Female,uj(*8Kgxyn
JMD171,joe33@example.com,Brenda Jackson,Solution Enabler,Female,(w5HZz^%R0
JMD172,hgraves@example.net,Michelle Carr,Software Engineer,Female,!Pym8nAjq@
JMD173,mark34@example.net,Abigail French,Solutions Consultant,Male,bzFlpZFb_7
JMD174,cleblanc@example.com,Samuel Greer,Senior Software Engineer,Male,K7JvPhtQ$V
JMD175,cassandracollier@example.com,Darren Morrow,Solution Enabler,Male,Emp59PMSU(
JMD176,vweaver@example.com,Angela Hall,Solutions Consultant,Female,)spDYeOlY3
JMD177,marygordon@example.com,Gary Wilson,Senior Software Engineer,Female,Q!sh4DemMW
JMD178,lewisjames@example.org,Carol Fowler,Software Engineer,Female,^b(7HDgi5g
JMD179,robertalvarado@example.net,Sandy Hurley,Solution Enabler,Male,H@4BnEasY!
JMD180,robert56@example.org,Emily Johnson,Solutions Consultant,Male,KV213(Go)T
JMD181,steven74@example.org,Jacqueline Wallace,Solutions Consultant,Male,tQ1QVeLYb&
JMD182,cranecalvin@example.org,Nicholas Reyes,Solution Enabler,Male,%_7NtUwcbs
JMD183,lisa98@example.com,Stacy Ross,Software Engineer,Male,n#m55xIp#Z
JMD184,mwatson@example.com,Matthew West,Solution Enabler,Female,)&QuV6Rzz2
JMD185,elizabeth46@example.com,Stephanie Velasquez,Solution Enabler,Female,HC6xnwNkq*
JMD186,tonyamurray@example.com,Martin Fox,Solutions Consultant,Female,_0LPZ7Ow_J
JMD187,melinda49@example.com,Christopher Miller,Solution Enabler,Male,z6HpWoI&+u
JMD188,stephensgrace@example.net,James Meza,Solution Enabler,Female,L*C2F!ofcy
JMD189,reidwilliam@example.com,Tammy Marshall,Solution Enabler,Female,V*8YNgsE+a
JMD190,hgarcia@example.com,Destiny Pitts,Software Engineer,Male,!8qH#2pYOF
JMD191,millerjennifer@example.com,Allison Montes DVM,Software Engineer,Male,ZE^S@4PkH#
JMD192,ryan10@example.com,Sophia Crosby,Solution Enabler,Female,#wFZdSEb_8
JMD193,emily87@example.org,Sara Dominguez,Senior Software Engineer,Female,X1BHH1F5@l
JMD194,walldennis@example.com,Alexis Hernandez,Solutions Consultant,Male,#eQUWkPFi9
JMD195,gregory86@example.org,Jesse Wilson,Solutions Consultant,Male,9TG+57)l$2
JMD196,andrewbrown@example.com,Kendra Tran,Senior Software Engineer,Female,+99!73Fw3I
JMD197,aliciadowns@example.net,Corey Bell,Software Engineer,Male,%0M8QSmc@g
JMD198,princecody@example.com,Sean Wright,Solutions Consultant,Male,_psZI0@38e
JMD199,danacortez@example.org,Christopher Perkins,Software Engineer,Female,@8Wfh$XK!4
JMD200,stewartmichelle@example.com,Tammy Soto,Solutions Consultant,Male,8EuX7S@a&y
JMD201,lewisashley@example.net,Brianna Garcia,Senior Software Engineer,Female,!)C0jCqHu6
JMD202,mcdanielaimee@example.org,Melissa Jones,Solutions Consultant,Female,K1%)L%%c!u
JMD203,heatheranderson@example.org,Paul Reed,Senior Software Engineer,Female,XFNz^UaD#3
JMD204,mendezmelissa@example.com,Valerie Duncan,Solutions Consultant,Male,^#aakEe8Z0
JMD205,okey@example.net,Brad Brown,Senior Software Engineer,Female,(klj1iEvD!
JMD206,eric03@example.com,Mark Williams,Solutions Consultant,Male,)KgZxPcX74
JMD207,simpsonrhonda@example.com,Andrew Newman,Senior Software Engineer,Male,9QyGIu8l!d
JMD208,megan61@example.net,Jessica Edwards,Senior Software Engineer,Female,5_0NJ+etek
JMD209,chavezphillip@example.net,Lauren Watkins,Senior Software Engineer,Male,)$9XQInKJ0
JMD210,michael16@example.org,Cindy Hodges,Solutions Consultant,Male,Q1L9QCyQ^c
JMD211,justin50@example.net,Deborah Romero,Software Engineer,Female,!wVUvJNG9o
JMD212,patriciagonzalez@example.org,Carrie Clark,Software Engineer,Male,$h4pN(^c+o
JMD213,zcastro@example.com,Michelle Cooper,Software Engineer,Male,u^Da62oA#O
JMD214,barkermichelle@example.net,Sydney Bates,Senior Software Engineer,Female,p5GyTNKp+q
JMD215,ashley65@example.com,Alexis Rodriguez,Solution Enabler,Female,3_00HIwf)B
JMD216,jperkins@example.com,Joshua Smith,Solution Enabler,Female,)_%H3DMyW(
JMD217,kathleenpugh@example.net,Nancy Nguyen,Solution Enabler,Male,_+%ISsG+$3
JMD218,edwardsbruce@example.com,Andrew Powers,Solution Enabler,Male,@&pt8Lfwgs
JMD219,cbennett@example.org,Duane Ortiz,Senior Software Engineer,Female,&Ym7@K0j2*
JMD220,nicole56@example.com,Eric Tanner,Solution Enabler,Female,!880RlCN@s
JMD221,dwood@example.com,Erika Adams,Senior Software Engineer,Male,@4IeQjgK#4
JMD222,robertscourtney@example.org,James Spencer,Software Engineer,Female,!wFHt+^d06
JMD223,crystalsmith@example.com,Jamie Gill,Solutions Consultant,Female,7tvnp&Ad@v
JMD224,rfisher@example.com,Wendy Nelson,Software Engineer,Male,)VH$V8cdi5
JMD225,wolfpaige@example.org,Rebecca Thomas,Solutions Consultant,Female,%q8GR#gjEQ
JMD226,jhanna@example.com,Kyle Williams,Solution Enabler,Male,+6uZ%3Wap!
JMD227,perezlauren@example.net,William Wilson,Software Engineer,Male,y7%P2PbtjC
JMD228,cisneroslori@example.org,Christopher Miller,Software Engineer,Male,(82FO6Oigr
JMD229,courtneylyons@example.org,Chris Thompson,Senior Software Engineer,Female,BM3zuZmu$*
JMD230,cthompson@example.net,Chad Herrera,Senior Software Engineer,Male,oW(5HeawQT
JMD231,guerrerolarry@example.org,Jessica Roach,Solutions Consultant,Male,(1YHM)qleQ
JMD232,olin@example.com,Katie Mercado,Solutions Consultant,Male,XDwL3RZm+*
JMD233,ostewart@example.net,Nathaniel Pena,Software Engineer,Female,_t0hDweg(T
JMD234,jacobbuchanan@example.net,Mark Friedman,Software Engineer,Female,%3%KvPZ09b
JMD235,wilsonmeagan@example.net,Michael Chan,Solution Enabler,Male,!v7YQRjYql
JMD236,dennis53@example.com,Allen Patrick,Software Engineer,Female,@iywNjF_7y
JMD237,thomaswilkerson@example.org,Lauren Whitaker,Solution Enabler,Female,b(mD2EMWkc
JMD238,danielle47@example.net,Courtney Davis,Solutions Consultant,Female,qweBG6Yu8_
JMD239,pacehaley@example.com,Todd Cardenas,Senior Software Engineer,Male,(1ZUKTxC#F
JMD240,amymorris@example.com,Charles Bradley,Solution Enabler,Male,#U!(yJzC6*
JMD241,jeremyroberts@example.net,Brandy Sanchez,Solutions Consultant,Male,)3W3LN(vta
JMD242,beckshawn@example.net,Kimberly Moore,Senior Software Engineer,Female,v%57Eg_sbm
JMD243,shannon19@example.com,Justin Lowe,Software Engineer,Female,_n4$HCoqLF
JMD244,jennifer64@example.net,Joshua Mitchell,Solutions Consultant,Female,(Y9GyHS0Ol
JMD245,ericdavis@example.org,Kayla Hill,Solutions Consultant,Male,(yu&4Ahs#w
JMD246,jose40@example.com,Daniel Johnson,Solutions Consultant,Male,E&uZFZ4xuJ
JMD247,jameslong@example.net,John Clements,Software Engineer,Female,m$jT9N8e)q
JMD248,mjackson@example.org,Brittany Hooper,Solutions Consultant,Male,#96G3ddeir
JMD249,vedwards@example.org,Phillip Edwards,Senior Software Engineer,Female,)67He_SSXi
JMD250,ethanlopez@example.net,Katelyn Koch,Software Engineer,Male,gHLLG2Ple@
JMD251,wrighttony@example.net,Trevor Cherry,Solutions Consultant,Female,%msLINBsy0
JMD252,jennifer84@example.org,Omar Wolf,Software Engineer,Female,#45CYVgRH#
JMD253,toddhughes@example.com,James Dalton,Solutions Consultant,Male,@p0Klx(04z
JMD254,thomasjohnson@example.org,Pamela Robbins,Software Engineer,Male,)q#2%AzzeU
JMD255,olsonamanda@example.org,Nicole Reyes,Solution Enabler,Female,Zo#34BzF%_
JMD256,newtonlarry@example.com,Suzanne Richards,Solutions Consultant,Male,%2hUAF^u4D
JMD257,kathymartinez@example.net,James Jensen,Senior Software Engineer,Male,!XyV9URuy2
JMD258,christopher02@example.net,Joshua Schmidt,Senior Software Engineer,Male,rtmZxeV2#9
JMD259,greggsmith@example.net,Allison Campbell,Software Engineer,Male,4TZO9Stk+W
JMD260,dowens@example.org,Jeffrey Anderson,Solutions Consultant,Female,)H4nNMnKV6
JMD261,renee06@example.com,Paula Eaton,Senior Software Engineer,Male,S7BE9wMr^U
JMD262,davisgregory@example.net,Jonathan Foster,Software Engineer,Female,42BA)w%s*g
JMD263,brookewarren@example.net,James Hawkins,Solutions Consultant,Male,*ewQvS$+7v
JMD264,kdixon@example.org,Cole Watts,Senior Software Engineer,Female,833O9TWnA(
JMD265,angelaluna@example.com,Robert Sanders,Senior Software Engineer,Male,!5OQmu%mLZ
JMD266,daniel11@example.com,Margaret Smith,Solutions Consultant,Female,3@iMn@um&a
JMD267,kerrtheodore@example.com,Carol Flores,Solutions Consultant,Male,OdS05Mjo*q
JMD268,swhite@example.org,Alyssa Robinson,Solution Enabler,Female,$0R#^WqE5l
JMD269,johnguerra@example.com,Rebecca Morton,Software Engineer,Male,%79Z@aMh7h
JMD270,lisafreeman@example.org,Robert Ford,Solution Enabler,Female,9)3TFvkTy!
JMD271,andersonsara@example.net,Daniel Flores,Software Engineer,Female,!QSDuPkX#7
JMD272,dsanchez@example.org,Wendy Diaz,Software Engineer,Female,**4+1g+eVW
JMD273,tfreeman@example.com,Eric Norris,Solution Enabler,Male,Q5%9eSAv_7
JMD274,andrew44@example.org,Tony Johnson,Solution Enabler,Female,&9ElMNuq_N
JMD275,cheyennemiller@example.org,Mark Chavez,Solutions Consultant,Female,r8+TVi$V+r
JMD276,johnsonhunter@example.org,Maria Butler,Senior Software Engineer,Female,_53TOf$fF8
JMD277,patricia92@example.com,Howard Barnes MD,Senior Software Engineer,Male,(5Cbp^$K^2
JMD278,eric98@example.org,Alejandra Rodriguez,Solutions Consultant,Female,ms+02Db4l)
JMD279,mcampbell@example.com,Nicole Hester,Software Engineer,Male,P81iPklU%Z
JMD280,wilkinsonoscar@example.org,Tammie Frank,Solution Enabler,Male,$tFGbytCz4
JMD281,mezamatthew@example.net,Jillian Nielsen,Software Engineer,Female,!!Nj6UKcsM
JMD282,garzaheather@example.net,Ryan Johnson,Solutions Consultant,Female,sm7eWSbi$@
JMD283,danielle28@example.net,Heidi Mcclain,Software Engineer,Male,^6VZXdYqqA
JMD284,ihoffman@example.com,Brittney Jacobs DDS,Software Engineer,Male,bYB3F$fk5^
JMD285,bharvey@example.net,Regina Roberts,Senior Software Engineer,Female,a7oIIydJ+Q
JMD286,juanreynolds@example.com,Victoria Garcia,Solutions Consultant,Female,g3TFm$mv)x
JMD287,livingstontara@example.com,Leah Clarke,Software Engineer,Male,ykAe7Eqs&!
JMD288,parkerrobert@example.com,James Mann,Solutions Consultant,Male,kM4_KRPw%S
JMD289,garretterica@example.net,Laura Smith,Solution Enabler,Male,du2_qJId*7
JMD290,moconnell@example.net,Doris Gallagher,Software Engineer,Male,$uAddsTC51
JMD291,sanchezjesus@example.com,Christopher Anderson,Senior Software Engineer,Male,U0n&YU5b@o
JMD292,efoley@example.com,Jennifer Watson,Software Engineer,Female,+VT8SRhiw9
JMD293,cynthiapeters@example.org,Eric Meyer,Solution Enabler,Male,#2WZYBgqJ*
JMD294,joseph82@example.net,Terri Howe,Senior Software Engineer,Female,*8UJkRLGaT
JMD295,taylordennis@example.com,Amber Bennett,Solutions Consultant,Male,MvNpUP%t!4
JMD296,kentkim@example.net,Gregg Vargas,Senior Software Engineer,Female,hV(8Sj!hlK
JMD297,urodriguez@example.com,Cody Hahn,Senior Software Engineer,Female,^D7CqnM(R0
JMD298,cameronrodriguez@example.net,Jason Ross,Solution Enabler,Male,FT5G4VKw)c
JMD299,ogoodwin@example.net,Brian Brown,Solution Enabler,Female,IDPmdJzo@4
JMD300,millersamantha@example.com,Edwin Hansen,Software Engineer,Female,Sy3ZpxoV*6
JMD301,dmacias@example.com,Ryan Evans,Software Engineer,Male,g9$6ZOGc+m
JMD302,welchmichael@example.net,Brandon James,Solution Enabler,Male,+8%E_xiQyR
JMD303,robertprice@example.org,Alan Miller,Solution Enabler,Male,3b(5NW2gd8
JMD304,debrabird@example.com,Beverly Taylor,Senior Software Engineer,Male,+@83S6Jma0
JMD305,anthonyskinner@example.com,Eric Wolf,Solution Enabler,Male,8tLtt223%W
JMD306,omorse@example.org,Katie Jones,Solutions Consultant,Female,$ssQtd#42t
JMD307,stonekim@example.net,Lori Jenkins,Software Engineer,Female,u^h1&EzjF4
JMD308,ojohnson@example.com,David Leon,Solution Enabler,Female,2P*l#Ben#d
JMD309,lorithomas@example.org,Sean Wright,Software Engineer,Female,Y#7LWbbs1n
JMD310,maypatrick@example.com,Destiny Stone,Senior Software Engineer,Female,Sk^4UPokGf
JMD311,fernandezmicheal@example.net,Christine Li,Solutions Consultant,Female,^!6(Hfh4us
JMD312,greenmatthew@example.net,Sean Harris,Senior Software Engineer,Female,QWZ4vC1L$7
JMD313,levysydney@example.org,Kevin Cox,Senior Software Engineer,Female,+5AtbdAD8w
JMD314,atkinszachary@example.org,William Sanchez,Senior Software Engineer,Female,Y@9)0I+gg$
JMD315,michael36@example.com,Thomas Watkins,Solution Enabler,Female,@6@fOXDbEK
JMD316,murphycarolyn@example.net,Daniel Wong,Senior Software Engineer,Male,*D9STi^Qm%
JMD317,desiree10@example.net,Adam Little,Solutions Consultant,Male,(ZWd4(3Uf6
JMD318,bclarke@example.net,Mark Smith,Software Engineer,Male,^xL$R%anu4
JMD319,beckymendez@example.org,Joseph Cooley,Software Engineer,Female,Cg0)gAz+%!
JMD320,westtheresa@example.net,Alicia Mora,Senior Software Engineer,Female,$8AW$5RgTa
JMD321,patriciamunoz@example.com,Kelly Harris,Solutions Consultant,Female,ye7UtozZ&H
JMD322,landerson@example.com,Annette Gonzales,Solutions Consultant,Female,%v#o5G0HO@
JMD323,jill85@example.com,Amy Fuller,Senior Software Engineer,Male,@8PoRo@0dq
JMD324,bryantmichael@example.net,Kevin Long,Senior Software Engineer,Female,P5EKKhi9*U
JMD325,dorothy10@example.com,Connie Moore,Solutions Consultant,Female,!4K&GSrgOo
JMD326,gina64@example.com,Kimberly Ruiz,Senior Software Engineer,Female,4VX95D0vS#
JMD327,steven41@example.org,Kimberly Travis,Solution Enabler,Female,%&x6sKftuF
JMD328,amandasilva@example.com,Jason Russell,Solutions Consultant,Male,NMJ4Mqeg#z
JMD329,millerbrittany@example.com,Candice Zhang,Solution Enabler,Female,$8ThWhalrw
JMD330,narnold@example.org,Debra Hays,Software Engineer,Male,+7F7F)Po#Q
JMD331,lopezmichelle@example.net,Seth Mann,Software Engineer,Female,Gx4@RQrK4&
JMD332,kmolina@example.net,Ryan Chavez,Senior Software Engineer,Male,Mm#z3Yo0lX
JMD333,rwalker@example.net,Monica Watson,Solution Enabler,Female,Y@53HRaoVl
JMD334,acruz@example.com,Michelle Ward,Solution Enabler,Female,px^jTuRf$7
JMD335,colemangabriela@example.org,Stephen Williams,Senior Software Engineer,Male,*U9QIp(i)y
JMD336,lindagonzalez@example.com,Daniel Scott,Solutions Consultant,Male,Dd0tGB@N3$
JMD337,michael51@example.net,Kimberly Gonzalez,Software Engineer,Male,+6tBsNd!$f
JMD338,stephenreilly@example.org,Jordan Gill,Solution Enabler,Male,8W%bElbu^7
JMD339,derektyler@example.org,Jake Williams,Software Engineer,Female,E126UceI^V
JMD340,william63@example.net,Patrick Branch,Software Engineer,Female,(L%J08Xff+
JMD341,edward34@example.com,Robert Edwards,Solutions Consultant,Male,IuN7^kfa@7
JMD342,epeterson@example.org,Sherry Miller,Solution Enabler,Male,p2CmvdZj!1
JMD343,jessicajohnson@example.net,Tara Sullivan,Software Engineer,Male,&gT8ETa$&V
JMD344,rwilliams@example.com,Joseph Prince,Solutions Consultant,Female,0f!4uYLkxp
JMD345,iblankenship@example.org,Veronica Reynolds,Solution Enabler,Male,0$VHNjYi*R
JMD346,karenphillips@example.org,Kevin Sanders,Solution Enabler,Male,+7EW5alt#u
JMD347,hherrera@example.org,Aimee Stanley,Solution Enabler,Female,oB+^1IKr(0
JMD348,uhuffman@example.net,Randall Burton,Solutions Consultant,Female,SI9vu+2ng&
JMD349,amanda53@example.net,Meghan Harrison,Solution Enabler,Female,(qXFoUunO5
JMD350,david05@example.net,Morgan Morgan,Solution Enabler,Male,fE9FWzc&n*
JMD351,jmiller@example.org,Jared Sheppard,Solutions Consultant,Female,EdgB4AqV4)
JMD352,eharris@example.com,Kristy Woodard,Senior Software Engineer,Female,Xdw9KB%fq)
JMD353,katrinataylor@example.org,Jonathan Hughes,Solutions Consultant,Male,VN!8S(x(Pm
JMD354,kayla89@example.org,Elizabeth Yates,Solution Enabler,Male,^Y609OLqis
JMD355,wandalewis@example.com,Cynthia Watson,Solutions Consultant,Female,Aq$9PIyocm
JMD356,howelljoshua@example.net,Kyle Brown,Solutions Consultant,Female,&zz5QYDmi7
JMD357,gibbsjeffrey@example.net,Amanda Sullivan,Senior Software Engineer,Male,S!7C*0reX4
JMD358,floresmadison@example.com,Robert Garcia,Software Engineer,Male,ZzHurphh)4
JMD359,cannonshirley@example.org,Edwin Thompson,Senior Software Engineer,Male,29FNv_)I#l
JMD360,cassandramontes@example.org,Drew Silva,Solution Enabler,Female,((1qHNAq#3
JMD361,hdavis@example.org,Leroy Salinas,Software Engineer,Male,n4YwyaR3@t
JMD362,maria07@example.net,Omar Munoz,Solutions Consultant,Female,0hy39Bnzp*
JMD363,dpalmer@example.com,Melinda Santana,Senior Software Engineer,Female,Sj^95QvBRt
JMD364,enoble@example.org,Katie Daniels,Software Engineer,Male,*1XCTw8X_c
JMD365,jaimewillis@example.net,Audrey Kerr,Solution Enabler,Female,)8CvsqWkZ&
JMD366,andrew21@example.com,Theodore Nelson,Software Engineer,Female,$)O5EiyZUO
JMD367,greenmaria@example.com,Kevin Rhodes,Senior Software Engineer,Female,)3sDbdoIza
JMD368,cookkimberly@example.net,Marc Pratt,Solution Enabler,Male,!vKrKvNu06
JMD369,jonathan89@example.net,Shawn Mills,Solutions Consultant,Male,7#8640UwEr
JMD370,daniel91@example.net,Joel Perez,Solution Enabler,Female,&ol_KVd9B1
JMD371,brandonharper@example.org,Lauren Costa,Solution Enabler,Female,&BIIxGhL)9
JMD372,thomas77@example.com,Hunter Austin,Software Engineer,Male,a^e_j6ofZN
JMD373,ashley47@example.com,Jordan Dixon,Senior Software Engineer,Male,2k%1caXuzo
JMD374,hunterwilliam@example.org,Alisha Ferguson,Software Engineer,Female,9*2CEJgIeP
JMD375,patrickgonzales@example.org,Thomas Dominguez,Software Engineer,Female,N!%X2Cwd%)
JMD376,franklinpaul@example.net,Jade Rogers,Senior Software Engineer,Female,CZP^MJw*+4
JMD377,billy44@example.org,David Walsh,Solution Enabler,Female,&rJscSqS)7
JMD378,calvin66@example.com,Lisa Ochoa,Solutions Consultant,Female,_jNux4aQ9(
JMD379,aaronlee@example.com,Jesse Hanson,Senior Software Engineer,Female,71cRZmX&$c
JMD380,wharmon@example.org,Jasmine Nicholson,Senior Software Engineer,Male,&6L6zcV44I
JMD381,bfrank@example.org,Angie Stewart,Solutions Consultant,Female,@XQasRh#69
JMD382,qlittle@example.com,Andrea Marquez,Software Engineer,Female,_H$6X7hQY^
JMD383,ronald34@example.com,Mary Gill,Software Engineer,Male,@#L2KuEr8p
JMD384,brandyhall@example.org,Kelly Delgado,Software Engineer,Male,Y#zDr3Ep80
JMD385,parkerbetty@example.net,Emily Day,Solution Enabler,Male,XbS!0ZAr3t
JMD386,znguyen@example.org,Matthew Mathis,Software Engineer,Male,9b&b9Nn9*t
JMD387,watkinsjose@example.net,Ashley Moore,Senior Software Engineer,Female,jk#)43WrfD
JMD388,wongbrandy@example.org,Colleen Thompson,Software Engineer,Female,!+x8FWhnQg
JMD389,nsmith@example.com,Reginald Young,Software Engineer,Male,%108)%RrFa
JMD390,drakebrian@example.com,Robert Rush,Solution Enabler,Male,sLec8F2iy&
JMD391,hansenann@example.org,Chelsea Pope,Solution Enabler,Male,^!5zD0qrAG
JMD392,krivera@example.org,Kurt Vega,Software Engineer,Female,)l(Z(1Zz0L
JMD393,alexandra65@example.com,Francisco Wells,Solution Enabler,Female,!AyGj@bgb7
JMD394,qjones@example.org,Rebecca Church,Software Engineer,Female,M4sTMdvL@N
JMD395,perezsamuel@example.com,Alicia Jones,Solutions Consultant,Female,zkTJ*MEP&6
JMD396,ericajones@example.org,David Bruce,Senior Software Engineer,Male,lD31VLHay*
JMD397,vnguyen@example.com,Robert Ward,Solutions Consultant,Male,g)3D%uaYAX
JMD398,brittney90@example.org,Kayla Bauer,Solutions Consultant,Male,hP4E36jqE+
JMD399,carrlisa@example.org,Jason Ray,Solutions Consultant,Male,^N)N35Su#+
JMD400,jeremy75@example.net,Emily Mason,Software Engineer,Male,*To7iicq_5
JMD401,kayla34@example.net,Richard Harvey,Solution Enabler,Female,G4*E(n9v$5
JMD402,gregorystacy@example.net,Andrea Hendricks,Solution Enabler,Female,lQH3RVmb(5
JMD403,weissdaniel@example.com,William Goodman,Solution Enabler,Male,ep&dvA2$)8
JMD404,johnsonbrian@example.org,Aaron Jones,Solutions Consultant,Female,21K@2ybm)q
JMD405,jamie72@example.net,Sandra Quinn,Senior Software Engineer,Female,py3+)nZo*4
JMD406,brandon65@example.com,Brandon Carter,Solution Enabler,Female,X2tZ#Kro+U
JMD407,rgonzalez@example.org,Robert Juarez,Senior Software Engineer,Male,hR!^1QnI8!
JMD408,matthew46@example.net,Raymond Whitaker,Solutions Consultant,Male,(kX$Qb$969
JMD409,cjenkins@example.net,Tracey Reyes,Solutions Consultant,Male,T#0*W6+ihL
JMD410,garnerkimberly@example.net,James Levine,Solution Enabler,Female,&5GnMwS&DW
JMD411,iwoods@example.com,Autumn Blackwell,Solutions Consultant,Female,!XLMguYG$6
JMD412,xparker@example.net,Michael Duran,Solution Enabler,Male,6(U47GyKQ1
JMD413,ronald37@example.com,Brandy Le,Solutions Consultant,Male,_sN3G1nS6P
JMD414,michaelbarrett@example.net,Jacob Campos,Solution Enabler,Female,g)i6yJChEs
JMD415,carmen55@example.com,Kelly Thompson,Solutions Consultant,Female,!59XMpOfE%
JMD416,amandagarner@example.net,Vanessa Villa DVM,Senior Software Engineer,Male,5m5!Wxtx+_
JMD417,timothy08@example.net,Paul Odom,Solutions Consultant,Female,*Q9Hrmfu0^
JMD418,duncanshane@example.com,Heidi Martin,Senior Software Engineer,Female,Ly1d)9Ttr#
JMD419,walter95@example.org,Stephanie Rivera,Software Engineer,Male,)G2m6TjnBl
JMD420,barbara36@example.org,Emily Martinez,Solution Enabler,Female,!7lD0QrwR%
JMD421,matthewwest@example.org,Randy Simmons,Solution Enabler,Male,xttHBHfK!2
JMD422,meghansantos@example.org,Cody Marshall,Solutions Consultant,Female,knC7GZyqZ_
JMD423,gkim@example.com,Stephanie Riley,Solution Enabler,Female,&a4wFPKc^+
JMD424,naguilar@example.org,Kerry Bowman,Solution Enabler,Male,6!7V22Ec+8
JMD425,noblejessica@example.org,Michael Shaw,Solutions Consultant,Female,IQ6pZyCQ4^
JMD426,mflynn@example.org,Mary Bernard,Solutions Consultant,Female,!n0*Kiqq3U
JMD427,marymartin@example.com,Shane Larsen,Solution Enabler,Male,@v83Uf1oPH
JMD428,thomaskristi@example.org,Taylor Smith,Solution Enabler,Female,T)bv6WPuE9
JMD429,cheryl26@example.net,Sonya Bush,Software Engineer,Female,uA_LGBfp+5
JMD430,rebeccaavila@example.net,Zachary Lowery,Solution Enabler,Female,&^DN0tUtYU
JMD431,allisonortega@example.com,Brenda Lester,Solution Enabler,Female,43U3DKoH&B
JMD432,james42@example.org,Alice Nelson,Senior Software Engineer,Female,!ymRdK6g*2
JMD433,hogantheresa@example.com,Amanda Scott,Solutions Consultant,Female,$2XHZl9w9x
JMD434,karla82@example.org,Brian Wood,Software Engineer,Male,)FEq6Zq*9U
JMD435,stephaniehammond@example.net,Angel Strickland,Senior Software Engineer,Male,4jZOCUSu)4
JMD436,anna35@example.org,Ryan Walker,Solutions Consultant,Male,2#33Bw9&dy
JMD437,courtneyvillarreal@example.org,Kaitlyn Silva,Solutions Consultant,Female,M+p0DElXNY
JMD438,nortonrita@example.org,Rebecca Johnson,Software Engineer,Female,ho7h_0Nyl2
JMD439,katie10@example.com,Charles Phelps,Solution Enabler,Female,7#2P1mbOnt
JMD440,roberthill@example.org,Erin Roberts,Software Engineer,Female,kpw18Wj1p@
JMD441,joseph69@example.net,Michelle Rios,Solution Enabler,Female,E0wF5wKc@L
JMD442,brittanytownsend@example.net,Lisa Callahan,Solutions Consultant,Female,VYDmS7t(@4
JMD443,stephen03@example.com,Charles Turner,Senior Software Engineer,Male,SbK0A6wn!7
JMD444,jeremymorales@example.com,Gregory Howard MD,Solution Enabler,Female,_#6OkBce61
JMD445,nelsonashley@example.com,Lindsay Johnson,Solution Enabler,Female,P)Q0YupL^R
JMD446,david40@example.net,Julie Cooper,Solutions Consultant,Female,(9BOZq89Fe
JMD447,laurenrichardson@example.com,Erik Glass,Solutions Consultant,Male,98a1Uey0_#
JMD448,kross@example.com,Krystal Lester,Software Engineer,Female,vc)W8MpFP_
JMD449,jhoward@example.org,Leah Johnson,Solutions Consultant,Male,EeWSQLPr*6
JMD450,tiffanylong@example.com,Erin Diaz,Software Engineer,Male,)5FQ$Mi6V*
JMD451,akim@example.org,Amy Pena,Solutions Consultant,Female,I#O9)^s5EG
JMD452,kleinkatherine@example.com,David Weaver,Solutions Consultant,Female,z$2TD88jzg
JMD453,jenniferturner@example.com,Bethany Herrera,Senior Software Engineer,Female,jAM&+D@n&9
JMD454,cookjoseph@example.org,Mrs. April Lee,Solution Enabler,Male,(8cKCui9(8
JMD455,christophermartin@example.com,Judy Mcmillan,Solution Enabler,Male,t4Mv!tsZ@s
JMD456,nicholasberry@example.org,Raymond Gonzales,Solutions Consultant,Female,UvEaa)Bh@9
JMD457,johnsonjennifer@example.com,Laurie Brock,Solution Enabler,Female,)(0Y!dN)mi
JMD458,rasmussencarly@example.net,Michael Woods,Solutions Consultant,Female,gX0!8Uej2%
JMD459,fstark@example.org,Nathan Hood,Solutions Consultant,Male,+l3EUxzQ0g
JMD460,simpsonlisa@example.com,Richard Williams,Software Engineer,Female,1xwDWdy*!3
JMD461,hmarquez@example.org,Pamela Good,Solutions Consultant,Male,@xEN3p8hx2
JMD462,herbert49@example.net,Megan Mueller,Solutions Consultant,Male,+(z6ZjAxS4
JMD463,erica81@example.net,Wayne Webb,Solutions Consultant,Female,s*ni9rTetP
JMD464,gomezarthur@example.net,Deanna Haynes,Software Engineer,Male,7YWtUBpU%z
JMD465,twallace@example.net,Dawn Russell,Solution Enabler,Male,DfP*6SHFP$
JMD466,brandonwalker@example.org,Karen Garza,Solutions Consultant,Male,u%Q9D*MA)j
JMD467,douglasbeck@example.net,Michael Gomez,Senior Software Engineer,Male,(7OMd4t0TI
JMD468,smithcatherine@example.net,John Moreno,Senior Software Engineer,Female,Vx3tzRlN)9
JMD469,petersonkathleen@example.org,Robin Ponce,Senior Software Engineer,Male,+8E7%tNi^w
JMD470,myersjimmy@example.org,Gary Evans,Solution Enabler,Female,46Co6RCp)L
JMD471,davidperez@example.net,Andrew Delgado,Software Engineer,Female,S53A7XqKx&
JMD472,cynthiapayne@example.com,Nathan Parker,Solution Enabler,Female,n7+Z@iLd$j
JMD473,angelgreene@example.org,Erica Carr,Solutions Consultant,Female,$f4688Ydue
JMD474,qharris@example.com,Mary Salazar,Solution Enabler,Female,o1JiCojr_z
JMD475,wandanguyen@example.com,Joe Parks,Senior Software Engineer,Male,45KQ1Zqy)n
JMD476,erinmcgee@example.com,Dillon Kennedy,Solution Enabler,Male,!e3DkAw+GO
JMD477,davismike@example.net,Ryan Nolan,Software Engineer,Male,Zq2zQwUv*M
JMD478,davisdennis@example.net,Victoria Holt,Solutions Consultant,Male,#7V#Fdx@I7
JMD479,james60@example.com,Kurt Palmer,Senior Software Engineer,Female,TTn23Osv_+
JMD480,aguilarhayden@example.com,Jasmine Smith,Solution Enabler,Male,37%TfUci$3
JMD481,zhill@example.org,Pamela Johnson,Senior Software Engineer,Female,#YW&QmorG0
JMD482,mackenzie07@example.org,Dorothy Bright,Software Engineer,Female,#f(0aWw#))
JMD483,fescobar@example.org,Diana Myers,Solutions Consultant,Male,@*(0OZZecV
JMD484,mitchell21@example.com,Michael Lester,Solution Enabler,Male,9Y2iQJmh&&
JMD485,josephpeters@example.com,Aaron Sullivan,Senior Software Engineer,Female,*5S+M0ZuZS
JMD486,cynthiacampos@example.com,Terry Jenkins,Solution Enabler,Male,y3_DTR!h$M
JMD487,zleonard@example.org,Randy Lamb,Solutions Consultant,Female,C3+32Ib*CW
JMD488,pricestephanie@example.net,Jennifer Ellis,Software Engineer,Male,*n9NlxNtT8
JMD489,crogers@example.com,Bethany Mitchell,Solutions Consultant,Female,tn2CfUyH*)
JMD490,wcarter@example.org,Kimberly Clark,Software Engineer,Male,6LKwS*Fq$V
JMD491,gibsonemma@example.com,Bryan Johnson,Solution Enabler,Male,E9pE8IEv&z
JMD492,briannamcbride@example.net,Joel Johns,Solutions Consultant,Male,5^p3Kc(fC_
JMD493,nelsonpeter@example.com,Paul Clark,Software Engineer,Male,o$5qF!zgx)
JMD494,boyerjennifer@example.net,Sandra Wright,Solution Enabler,Male,tV6HOQptf$
JMD495,millertimothy@example.org,Tara Jones,Solutions Consultant,Male,0&8P3+nSJ*
JMD496,laura30@example.org,Kevin Powell,Senior Software Engineer,Male,%TGu8IaIpb
JMD497,chapmanandrew@example.org,Logan Murphy,Software Engineer,Female,LPw2ES4uU@
JMD498,aaron57@example.org,Elizabeth Watson MD,Solutions Consultant,Male,R93TcnUo^P
JMD499,jasonmiller@example.com,Teresa Ramirez,Senior Software Engineer,Female,jxO(1ZAltl
JMD500,mwood@example.net,Patrick Lloyd,Senior Software Engineer,Male,#4Uv_a0n9o
